Title,Year,Type,CoverArt
Somewhere Back in Time: The Best of 1980–1989,2008,Compilation,
Behind the Iron Curtain,1984,EP,
Edward the Great,2002,Compilation,
Live After Death,1985,Live,
Live After Death – Volume Two,1985,Live,
Greatest Hits,2008,Compilation,
From There to Eternity,1992,Compilation,
Picture Disc Collection 1980–1988,2012,Compilation,
Live at Donington: August 22nd 1992,1993,Live,
Fear of the Dark,1992,Album,
Video Pieces,1983,EP,
Piece of Mind,1983,Album,
Eddie's Archive,2002,EP,
The Soundhouse Tapes,1979,EP,
No Prayer for the Dying,1990,Album,
Seventh Son of a Seventh Son,1988,Album,
The Final Frontier,2010,Album,
The Book of Souls,2015,Album,
Flight 666,2009,EP,
Somewhere Back in Time,2008,EP,
"The Story So Far, Part I",1995,Compilation,
Best of the Beast,1996,Compilation,
BBC Archives,2002,Live,
Maiden England ’88,2013,EP,
Visions of the Beast,2003,Compilation,
Metal Hammer The Video Magazine Special Iron Maiden,1992,Compilation,
The Number of the Beast / Beast Over Hammersmith,2022,Compilation,
Beast Over Hammersmith,2002,Live,
The Complete Albums Collection 1980–1988,2014,Compilation,
A Real Live Dead One,1993,Live,
Ed Hunter,1999,EP,
Dance of Death,2003,Album,
An Interview With Iron Maiden,1988,EP,
The X Factor,1995,Album,
Making of the Virtual XI,1998,Compilation,
Lo mejor de Iron Maiden,1983,EP,
"The History of Iron Maiden, Part 1: The Early Days",2001,Live,
Ed Hunter,1999,Compilation,
The Number of the Beast,1982,Album,
"The Story So Far, Part II",1995,Compilation,
Maiden England,1989,Live,
Senjutsu,2021,Album,
A Real Dead One,1993,Live,
Iron Maiden,1980,Album,
Powerslave,1984,Album,
A Real Live One,1993,Live,
No More Lies: Dance of Death Souvenir EP,2004,EP,
The Complete Album Collection,2008,Compilation,
"Nights of the Dead, Legacy of the Beast: Live in Mexico City",2020,Live,
A Real Dead One,1993,EP,
Maiden Mania 80–87,1987,Compilation,
Carmageddon 2: Carpocalypse Now,1999,Compilation,
Audio Pieces,1986,EP,
Blaze Bayley Interview,1995,EP,
Brave New World,2000,Album,
The First Ten Years,1990,Compilation,
Raising Hell,2001,Live,
Christmas EP,1984,EP,
Live!! + One,1980,Live,
Flight 666: The Original Soundtrack,2009,Live,
En Vivo!,2012,Live,
The Book of Souls: Live Chapter,2017,Live,
Live at The Rainbow,1981,Live,
Classic Albums: Iron Maiden / Def Leppard,2008,Compilation,
No me puedes dejar así / Decídete,1983,EP,
Somewhere in Time,1986,Album,
A Matter of Life and Death Interview CD,2006,EP,
The First Ten Years – The Videos,1990,Compilation,
Dance of Death,2003,EP,
Rock in Rio,2002,EP,
Live After Death – Volume One,1985,Live,
En Vivo!,2012,EP,
Eddie’s Head,1998,Compilation,
Death on the Road,2005,Live,
Rock in Rio / The Number of the Beast,2008,Compilation,
Virtual XI,1998,Album,
The Essential Iron Maiden,2005,Compilation,
Flight 666 (The Film),2009,Live,
12 Wasted Years,1987,Compilation,
Killers,1981,Album,
Iron Maiden and the New Wave of British Heavy Metal,2008,Live,
Powerslave / Single Collection 2,2000,Compilation,
The Number of the Beast,2001,Compilation,
A Matter of Life and Death,2006,EP,
No Prayer for the Dying,1990,EP,
An Introduction to… Virtual XI,1998,EP,
Rock in Rio,2002,Live,
Eddie’s Archive,2002,Live,
From Fear to Eternity: The Best of 1990–2010,2011,Compilation,
The Final Frontier – Radio Soundbites,2010,EP,
A Matter of Life and Death,2006,Album,
Monster Speak: Iron Maiden Talk About Monsters of Rock ’92,1992,EP,
The Complete Albums Collection 1990–2015,2017,Compilation,
In Profile,1997,Compilation,
Somewhere Back in Time – Bruce Dickinson Interview,2008,EP,
Maiden Japan,1981,Live,
Run to the Hills,2002,Single,
Infinite Dreams,1989,Single,
The Wicker Man,2000,Single,
Running Free / Run to the Hills,1990,Single,
Killers Live!,2000,Other,
Brain Damage in France,2022,Other,
The Evil That Men Do,1988,Single,
Innerview,1985,Broadcast,
Speed of Light,2015,Single,
Wrathchild,1981,Single,
Detroit Rock City / Iron Maiden,1981,Single,
The Clairvoyant,1988,Single,
Did You Have to Love Me Like You Did / Flight of Icarus,1983,Single,
Virus,1996,Single,
The Reincarnation of Benjamin Breeg,2006,Single,
Speed of Light,2017,Live,
Heavy Metal Box,2005,Compilation,
Futureal,1998,Single,
The Trooper,2005,Single,
El Dorado,2010,Single,
Aces High,1984,Single,
Hallowed Be Thy Name (live),1993,Live,
Wildest Dreams,2003,Single,
Stratego,2021,Single,
Virus,1996,Compilation,
Holy Smoke,1990,Single,
Wasting Love,1992,Single,
Wasted Years,1986,Single,
Flash of the Blade,1984,Single,
In Concert-451,1989,Broadcast,
Run to the Hills / The Number of the Beast,1990,Single,
L’internazionale / Run to the Hills,1982,Single,
Innerview,1986,Broadcast,
An Inside Look at a Matter of Life and Death,2006,Broadcast,
Empire of the Clouds,2016,Single,
2 Minutes to Midnight,1984,Single,
From Here to Eternity,1992,Single,
Made Of…,1984,Compilation,
The Soundhouse Tapes / Throwing Shapes,1993,Compilation,
The Number of the Beast,1982,Single,
Wrathchild,2005,Live,
Be Quick or Be Dead,1992,Single,
Invasion of Rarities,1994,Compilation,
Running Free,1980,Single,
Sanctuary,1980,Single,
Women in Uniform,1980,Live,
Prowler,1980,Single,
The Clairvoyant / Infinite Dreams,1990,Single,
Tailgunner,1990,Single,
The Fugitive,1992,Single,
From Fear to Eternity,2011,Single,
Cross-Eyed Mary,1983,Single,
Total Eclipse (2022 remaster),2022,Single,
Early Years: Rare & Unreleased,1994,Compilation,
Twilight Zone,1981,Single,
"High Vaultage, Volume 1",1997,Compilation,
2 Minutes to Midnight / Aces High,1990,Single,
"Sign of the Cross (live in Mexico City, Palacio de los Deportes, Mexico, September 2019)",2020,Live,
Different World,2006,Single,
Purgatory / Maiden Japan,1990,Single,
Purgatory,1981,Single,
Stranger in a Strange Land,1986,Single,
The Angel and the Gambler,1998,Single,
"Aces High (live in Mexico City, Palacio de los Deportes, Mexico, September 2019)",2020,Live,
Strange World,1980,Single,
The Trooper,1983,Single,
Coming Home,2010,Single,
"High Vaultage, Volume 2",1997,Compilation,
Run to the Hills,1982,Single,
Iron Maiden British Metal,2011,Other,
Wasted Years / Stranger in a Strange Land,1990,Single,
Hallowed Be Thy Name,1993,Single,
The Pilgrim,2007,Single,
Running Free,1985,Live,
Innerview,1983,Broadcast,
World Piece Tour 1983 - Live Munich,2024,Other,
Killers,1981,Single,
Running Free / Sanctuary,1990,Single,
Rainmaker,2003,Single,
Bring Your Daughter… to the Slaughter,1990,Single,
Out of the Silent Planet,2000,Single,
Infinite Dreams,1989,Live,
The Final Frontier,2010,Single,
Lord of the Flies,1996,Single,
Flight of Icarus,1983,Single,
No Prayer for the Dying,1990,Single,
MSG / Iron Maiden,1981,Compilation,
The Writing on the Wall,2021,Single,
Women in Uniform / Twilight Zone,1990,Single,
Can I Play With Madness,1988,Single,
Flight of Icarus / The Trooper,1990,Single,
Train 666,2022,Single,
Fear of the Dark Live,1993,Live,
Losfer Words (Big ’Orra),1984,Single,
Can I Play With Madness / The Evil That Men Do,1990,Single,
Retro-Rock Broadcast Weeks 11-28 & 12-5,1983,Broadcast,
Man on the Edge,1995,Single,
Where Eagles Dare,1984,Single,
"The Final Frontier in Paris: Palais Omnisport de Paris-Bercy, Paris, France",2011,Live,
"1996-08-24: Estádio do Pacaembú, São Paulo, Brazil",1997,Live,
Maiden America,1996,Live,
20 Iron Pieces,2011,Compilation,
Tokyo 1st Night,2016,Live,
The Greediness,1991,Live,
The Soundhouse Tapes EP and More Rare Early Tracks (December 1978–April 1980),2019,Compilation,
Maiden Europe,1992,Live,
B‐Sides of the Beast,2000,Compilation,
Alive from Live After Death,1992,Live,
Ipswich 1983,2012,Live,
"10 Years Old, Eddie’s Boys",1991,Live,
The Eternal Flame,1996,Live,
Live in Oslo Spektrum,2000,Live,
San Antonio ’99,2013,Live,
Take Your Mummy on the Road,2018,Live,
"2013-07-18: Olimpiyskiy, Moscow, Russia",2013,Live,
Maiden Tokyo 1981,2016,Live,
The Battle Rages On,2012,Live,
"Maiden Japan, Vol. 2",2008,Live,
Killers United ’81,2022,Live,
Sanctuary,2020,Live,
Live USA,1990,Live,
"Hammersmith Odeon: London, U.K.",1983,Live,
Dance of the Beast,2005,Compilation,
The Decade of the Beast - British Metal Onslaught Vol. 2: The Final Chapter,2013,Live,
1998 Virtual XI World Tour,1998,Live,
Piece of Mind / Single Collection 1,2000,Compilation,
Tel Aviv 1995 (Live),1995,Live,
The Music of Iron Maiden 1980–2010,2014,Compilation,
"Live in London, December 19, 1985",1991,Live,
"1981‐03‐31: Palazzetto dello Sport, Reggio nell’Emilia, Italy",1993,Live,
"1984-09-12: Capitol Theatre, Aberdeen, Scotland",1984,Live,
2006-11-29: Live at the Palais Omnisports de Paris-Bercy,2013,Live,
Dynamo Open Air 2000,2000,Live,
Cross‐Eyed Mary,1993,Live,
Rares 1999,1999,Compilation,
"1982-06-29: The Night of the Living Dead: Palladium, New York, NY, USA",1990,Live,
"B‐Sides of the Beast, Part 2",2000,Compilation,
Waldrock 2003,2003,Live,
The Kings of the Twilight Zone,1996,Compilation,
17 Numbers by the Beast,2002,Compilation,
British Metal Onslaught: Maiden England 1982‒83‒84,2012,Live,
The Soundhouse Tapes and Rare Early Tracks 1978–1981,2017,Compilation,
From Rock ’n’ Roll to Heavy Metal,1994,Live,
The Teenage Werewolf,1992,Live,
Live After Death / The Number of the Beast,2000,Live,
Another Live,1990,Live,
Ultimate Collection,2001,Compilation,
"Sheffield Arena, UK",1986,Live,
Blaze or Glory,1996,Live,
The Soundhouse Tapes and More,1997,Compilation,
Wasted Tapes,1992,Live,
Bye Bye Bruce,1994,Live,
"1988-12-07: December 7th, 2008: It Was 20 Years Ago: Hammersmith Odeon, London, UK",1995,Live,
"2016-06-25: Olimpiyskiy, Moscow, Russia",2016,Live,
"High Vaultage, Volume 3",2000,Compilation,
The Singles Collection,2005,Compilation,
Live in Moscow,2011,Live,
Iron Maiden,1998,Compilation,
Home Sweet Home,1991,Live,
The B Factor,1996,Live,
Japan 81,2025,Live,
Best of the B’Sides,2002,Compilation,
24 Unreleased Studio Works,2000,Compilation,
The B'Sides (2004 Full Version),2004,Compilation,
Maiden Hell!,1998,Compilation,
Brave New Tour,2000,Live,
Phantom of the Rainbow,2015,Live,
One Ring to Rule Them All (Nuerburring 2014-06-05),2014,Live,
1992: Monster of Rock: Italy,1994,Live,
"2006-11-18: Globe Arena, Stockholm, Sweden",2007,Live,
Lay Down and Die Goodbye,1991,Live,
Live… New York 1982,2022,Live,
High Ball Shooter,1999,Live,
Iron Maiden,2004,Compilation,
"2018‐06‐01: Tele2 Arena, Stockholm, Sweden",2018,Live,
"Tokyo 2nd Night (live, 2016‐04‐21, Ryogoku Kokugikan, Tokyo, Japan)",2016,Live,
Midnight Dynamos: The Complete Dutch Broadcast,2024,Live,
"2011-02-26: Brisbane, Australia Soundwave Festival",2011,Live,
En Vivo,2012,EP,
Download 07,2006,EP,
Wrathchild,1999,Single,
Brave New World,2000,EP,
Bruce Dickinson Audition 1981,2013,Other,
Maiden Stockholm,2003,Live,
Futureal,1998,Single,